Employee_ID,first_name,last_name,Age,Age_Group,gender,Gender_Clean,Marital_Status,Distance_From_Home,Distance_Band
1,Konstantin,Shutler,22,18–25,Male,Male,Married,8,Near (≤10 km)
2,Thorvald,Skoggins,38,36–45,Male,Male,Married,32,Far (26–50 km)
3,Gracia,Teggin,35,26–35,Genderqueer,Non-Binary / Other,Divorced,42,Far (26–50 km)
4,Kerwinn,Romme,37,36–45,Male,Male,Divorced,43,Far (26–50 km)
5,Randene,Millier,26,26–35,Female,Female,Single,33,Far (26–50 km)
6,Nikolia,Buten,44,36–45,Female,Female,Single,15,Medium (11–25 km)
7,Rupert,Truesdale,38,36–45,Genderfluid,Non-Binary / Other,Single,2,Near (≤10 km)
8,Glynis,Horlick,28,26–35,Female,Female,Married,38,Far (26–50 km)
9,Melantha,Seilmann,22,18–25,Bigender,Non-Binary / Other,Single,37,Far (26–50 km)
10,Juan,McCumesky,25,18–25,Male,Male,Divorced,37,Far (26–50 km)
11,Willow,Lagde,46,46–55,Female,Female,Married,31,Far (26–50 km)
12,Corissa,Haseman,50,46–55,Genderqueer,Non-Binary / Other,Married,18,Medium (11–25 km)
13,Kelsey,Wolfindale,48,46–55,Male,Male,Single,45,Far (26–50 km)
14,Filippa,Focke,32,26–35,Female,Female,Divorced,48,Far (26–50 km)
15,Maitilde,Mapplebeck,48,46–55,Female,Female,Single,7,Near (≤10 km)
16,Richmond,Cadlock,53,46–55,Male,Male,Married,38,Far (26–50 km)
17,Fredra,Chasteney,46,46–55,Female,Female,Single,12,Medium (11–25 km)
18,Gifford,Aujean,44,36–45,Male,Male,Married,25,Medium (11–25 km)
19,Zelda,Dearth,56,55+,Female,Female,Married,31,Far (26–50 km)
20,Massimiliano,Chattelaine,46,46–55,Bigender,Non-Binary / Other,Divorced,42,Far (26–50 km)
21,Carly,Ilyuchyov,28,26–35,Male,Male,Divorced,45,Far (26–50 km)
22,Corey,Kefford,52,46–55,Male,Male,Single,28,Far (26–50 km)
23,Elnar,Clace,58,55+,Male,Male,Single,20,Medium (11–25 km)
24,Saleem,Broz,36,36–45,Male,Male,Single,37,Far (26–50 km)
25,Robinetta,Donnachie,32,26–35,Female,Female,Divorced,9,Near (≤10 km)
26,Shepperd,Easlea,50,46–55,Genderfluid,Non-Binary / Other,Divorced,7,Near (≤10 km)
27,Giavani,Surmeyers,26,26–35,Male,Male,Divorced,21,Medium (11–25 km)
28,Finley,Bromage,24,18–25,Agender,Non-Binary / Other,Divorced,5,Near (≤10 km)
29,Sax,Smallpiece,40,36–45,Male,Male,Divorced,46,Far (26–50 km)
30,Joy,Dunan,23,18–25,Female,Female,Single,35,Far (26–50 km)
31,Brig,Colter,42,36–45,Male,Male,Married,12,Medium (11–25 km)
32,Maxim,Beven,38,36–45,Male,Male,Single,26,Far (26–50 km)
33,Ariella,Fewell,28,26–35,Agender,Non-Binary / Other,Single,45,Far (26–50 km)
34,Barnie,Flemmich,26,26–35,Male,Male,Single,2,Near (≤10 km)
35,Ula,Butland,43,36–45,Female,Female,Divorced,26,Far (26–50 km)
36,Roddie,Shine,32,26–35,Male,Male,Divorced,36,Far (26–50 km)
37,Ferdinande,Nolder,46,46–55,Non-binary,Non-Binary / Other,Divorced,35,Far (26–50 km)
38,Miller,Farans,32,26–35,Male,Male,Divorced,34,Far (26–50 km)
39,Virgina,Youdell,26,26–35,Female,Female,Divorced,32,Far (26–50 km)
40,Grazia,Sparshott,57,55+,Female,Female,Single,5,Near (≤10 km)
41,Nadya,Kenealy,27,26–35,Female,Female,Married,34,Far (26–50 km)
42,Beauregard,De Anesy,43,36–45,Male,Male,Divorced,38,Far (26–50 km)
43,Debby,McConaghy,60,55+,Female,Female,Married,35,Far (26–50 km)
44,Athene,Georges,52,46–55,Female,Female,Divorced,46,Far (26–50 km)
45,Wyatan,Klimek,23,18–25,Male,Male,Married,42,Far (26–50 km)
46,Ephrayim,Nassey,49,46–55,Male,Male,Single,8,Near (≤10 km)
47,Guinevere,Baudinet,32,26–35,Female,Female,Divorced,49,Far (26–50 km)
48,Camellia,Deverose,60,55+,Female,Female,Single,49,Far (26–50 km)
49,Nixie,Kingerby,49,46–55,Female,Female,Divorced,14,Medium (11–25 km)
50,Cindelyn,Gundry,32,26–35,Female,Female,Married,43,Far (26–50 km)
51,Godfree,Choppin,25,18–25,Male,Male,Single,8,Near (≤10 km)
52,Padget,Chetwynd,28,26–35,Male,Male,Divorced,12,Medium (11–25 km)
53,Antons,Haslum,43,36–45,Male,Male,Single,39,Far (26–50 km)
54,Nedda,Antoshin,35,26–35,Female,Female,Single,45,Far (26–50 km)
55,Amity,Banger,34,26–35,Female,Female,Married,12,Medium (11–25 km)
56,Baird,Vearnals,48,46–55,Male,Male,Single,1,Near (≤10 km)
57,Dirk,Hickeringill,57,55+,Male,Male,Divorced,36,Far (26–50 km)
58,Ginevra,Manilove,56,55+,Female,Female,Divorced,29,Far (26–50 km)
59,Jervis,Golder,38,36–45,Male,Male,Single,21,Medium (11–25 km)
60,Eachelle,Pedrollo,40,36–45,Female,Female,Single,8,Near (≤10 km)
61,Brannon,Weeks,41,36–45,Male,Male,Divorced,3,Near (≤10 km)
62,Querida,Beverstock,37,36–45,Female,Female,Single,9,Near (≤10 km)
63,Edouard,Godmar,28,26–35,Male,Male,Married,37,Far (26–50 km)
64,Luca,Lampbrecht,25,18–25,Male,Male,Married,14,Medium (11–25 km)
65,Chelsie,Jacobovitz,47,46–55,Female,Female,Single,42,Far (26–50 km)
66,Armand,Creddon,58,55+,Male,Male,Divorced,11,Medium (11–25 km)
67,Kally,Shutle,57,55+,Female,Female,Married,6,Near (≤10 km)
68,Sherry,Shwalbe,53,46–55,Female,Female,Single,36,Far (26–50 km)
69,Angelica,Jakuszewski,31,26–35,Female,Female,Single,17,Medium (11–25 km)
70,Simeon,Leads,25,18–25,Male,Male,Single,49,Far (26–50 km)
71,Pasquale,Walker,45,36–45,Male,Male,Married,3,Near (≤10 km)
72,Christabella,Hutson,22,18–25,Female,Female,Divorced,6,Near (≤10 km)
73,Britney,Hover,49,46–55,Female,Female,Married,8,Near (≤10 km)
74,Anett,Askam,27,26–35,Female,Female,Divorced,33,Far (26–50 km)
75,Waldo,Dryburgh,40,36–45,Male,Male,Divorced,20,Medium (11–25 km)
76,Davide,Alliberton,60,55+,Male,Male,Single,24,Medium (11–25 km)
77,Theo,Harkins,52,46–55,Male,Male,Divorced,35,Far (26–50 km)
78,Sashenka,Murie,34,26–35,Female,Female,Divorced,11,Medium (11–25 km)
79,Arty,Pipping,28,26–35,Male,Male,Divorced,28,Far (26–50 km)
80,Cassey,Gras,23,18–25,Female,Female,Single,43,Far (26–50 km)
81,Sherlock,Quadri,35,26–35,Male,Male,Married,1,Near (≤10 km)
82,Dorelle,Kornousek,32,26–35,Agender,Non-Binary / Other,Single,16,Medium (11–25 km)
83,Claus,McAdam,40,36–45,Male,Male,Divorced,20,Medium (11–25 km)
84,Halsey,Lovejoy,27,26–35,Male,Male,Divorced,3,Near (≤10 km)
85,Lannie,Feldmann,52,46–55,Male,Male,Single,34,Far (26–50 km)
86,Deb,Freckelton,29,26–35,Female,Female,Single,19,Medium (11–25 km)
87,Kennedy,Bleasdale,41,36–45,Male,Male,Divorced,43,Far (26–50 km)
88,Kiley,Jeffcoate,47,46–55,Male,Male,Divorced,35,Far (26–50 km)
89,Thebault,Wellwood,52,46–55,Male,Male,Divorced,29,Far (26–50 km)
90,Marshal,Finlay,53,46–55,Male,Male,Single,9,Near (≤10 km)
91,Babita,Glowinski,38,36–45,Female,Female,Single,37,Far (26–50 km)
92,Gareth,Brisley,27,26–35,Male,Male,Married,32,Far (26–50 km)
93,Ralf,Caulier,56,55+,Male,Male,Divorced,45,Far (26–50 km)
94,Sullivan,Alyonov,46,46–55,Male,Male,Married,21,Medium (11–25 km)
95,Malvina,Peaseman,33,26–35,Female,Female,Single,34,Far (26–50 km)
96,Celie,Van Saltsberg,45,36–45,Female,Female,Divorced,23,Medium (11–25 km)
97,Sherlocke,Rozenzweig,46,46–55,Male,Male,Divorced,39,Far (26–50 km)
98,Joell,Bockmann,45,36–45,Female,Female,Married,35,Far (26–50 km)
99,Kendall,Beane,33,26–35,Male,Male,Divorced,33,Far (26–50 km)
100,Dehlia,Torrisi,50,46–55,Female,Female,Single,14,Medium (11–25 km)
101,Price,Davidescu,24,18–25,Male,Male,Married,45,Far (26–50 km)
102,Gerome,O'Looney,38,36–45,Male,Male,Married,7,Near (≤10 km)
103,Oliy,Scotti,50,46–55,Female,Female,Married,43,Far (26–50 km)
104,Nickola,Arnison,51,46–55,Male,Male,Married,3,Near (≤10 km)
105,Jo,Dudny,38,36–45,Female,Female,Divorced,16,Medium (11–25 km)
106,Elfrida,Vasilchikov,36,36–45,Female,Female,Single,3,Near (≤10 km)
107,Zorine,Capsey,39,36–45,Female,Female,Married,13,Medium (11–25 km)
108,Napoleon,Savoury,58,55+,Male,Male,Single,10,Near (≤10 km)
109,Madeleine,Geekin,25,18–25,Female,Female,Single,20,Medium (11–25 km)
110,Paulita,Dewis,31,26–35,Female,Female,Single,14,Medium (11–25 km)
111,Marlene,Roncelli,28,26–35,Female,Female,Married,9,Near (≤10 km)
112,Chad,Porteous,27,26–35,Male,Male,Married,39,Far (26–50 km)
113,Inesita,Lindores,44,36–45,Female,Female,Divorced,36,Far (26–50 km)
114,Alexandrina,Womack,56,55+,Female,Female,Married,14,Medium (11–25 km)
115,Yul,Renyard,48,46–55,Male,Male,Married,38,Far (26–50 km)
116,Roxy,Sabban,59,55+,Female,Female,Single,23,Medium (11–25 km)
117,Lisa,Posselwhite,36,36–45,Female,Female,Single,18,Medium (11–25 km)
118,Christos,Eaglen,57,55+,Male,Male,Single,9,Near (≤10 km)
119,Giulietta,Yukhnev,25,18–25,Female,Female,Divorced,47,Far (26–50 km)
120,Del,Wilshere,46,46–55,Male,Male,Married,40,Far (26–50 km)
121,Tarrah,Figgures,55,46–55,Female,Female,Married,28,Far (26–50 km)
122,Hillard,Exon,48,46–55,Male,Male,Divorced,5,Near (≤10 km)
123,Kerby,Whittlesea,56,55+,Male,Male,Married,36,Far (26–50 km)
124,Calv,Eilhart,52,46–55,Bigender,Non-Binary / Other,Married,17,Medium (11–25 km)
125,Vi,Lacotte,58,55+,Female,Female,Single,17,Medium (11–25 km)
126,Kelila,Laherty,37,36–45,Female,Female,Single,25,Medium (11–25 km)
127,Faunie,Luten,52,46–55,Female,Female,Married,42,Far (26–50 km)
128,Elbertina,Hullah,41,36–45,Female,Female,Divorced,11,Medium (11–25 km)
129,Orbadiah,Ewers,27,26–35,Male,Male,Married,26,Far (26–50 km)
130,Mauricio,Simmen,47,46–55,Male,Male,Married,30,Far (26–50 km)
131,Zita,Gasnoll,24,18–25,Female,Female,Divorced,6,Near (≤10 km)
132,Branden,Goode,54,46–55,Male,Male,Married,17,Medium (11–25 km)
133,Garry,Bayne,58,55+,Male,Male,Single,44,Far (26–50 km)
134,Pablo,Saxby,55,46–55,Male,Male,Single,28,Far (26–50 km)
135,Onfre,Peart,58,55+,Agender,Non-Binary / Other,Single,45,Far (26–50 km)
136,Gussy,Beecham,31,26–35,Female,Female,Single,10,Near (≤10 km)
137,Hamlin,Fairhall,29,26–35,Male,Male,Married,35,Far (26–50 km)
138,Bartolemo,Treen,50,46–55,Genderqueer,Non-Binary / Other,Divorced,14,Medium (11–25 km)
139,Casey,Caukill,33,26–35,Female,Female,Single,5,Near (≤10 km)
140,Derby,Durram,32,26–35,Male,Male,Married,41,Far (26–50 km)
141,Thadeus,Bullocke,35,26–35,Non-binary,Non-Binary / Other,Divorced,47,Far (26–50 km)
142,Elbertine,Benny,34,26–35,Female,Female,Divorced,18,Medium (11–25 km)
143,Agnes,Starmer,30,26–35,Polygender,Non-Binary / Other,Divorced,41,Far (26–50 km)
144,Ardisj,Garland,24,18–25,Female,Female,Divorced,45,Far (26–50 km)
145,Ruthe,Kirtlan,49,46–55,Female,Female,Married,42,Far (26–50 km)
146,Koenraad,Durram,27,26–35,Male,Male,Divorced,13,Medium (11–25 km)
147,Hube,Dewsbury,49,46–55,Male,Male,Married,46,Far (26–50 km)
148,Allyn,Feeny,34,26–35,Male,Male,Single,24,Medium (11–25 km)
149,Heywood,Gilhouley,31,26–35,Male,Male,Single,37,Far (26–50 km)
150,Benson,Peasey,60,55+,Male,Male,Married,43,Far (26–50 km)
151,Ethel,Hamon,38,36–45,Agender,Non-Binary / Other,Married,42,Far (26–50 km)
152,Tiertza,Killshaw,42,36–45,Female,Female,Divorced,33,Far (26–50 km)
153,Lucinda,Dufton,26,26–35,Female,Female,Divorced,39,Far (26–50 km)
154,Buckie,Windows,27,26–35,Male,Male,Married,11,Medium (11–25 km)
155,Gwenni,Davage,46,46–55,Female,Female,Divorced,27,Far (26–50 km)
156,Veda,Dearn,57,55+,Female,Female,Married,10,Near (≤10 km)
157,Mellicent,Linscott,47,46–55,Genderfluid,Non-Binary / Other,Divorced,21,Medium (11–25 km)
158,Leanora,Apted,57,55+,Female,Female,Married,28,Far (26–50 km)
159,Celinka,Pardy,42,36–45,Female,Female,Married,25,Medium (11–25 km)
160,Etheline,Well,39,36–45,Female,Female,Divorced,2,Near (≤10 km)
161,Bram,Rosenbarg,55,46–55,Male,Male,Married,39,Far (26–50 km)
162,Gare,Naire,51,46–55,Male,Male,Married,16,Medium (11–25 km)
163,Coralie,Enderby,22,18–25,Female,Female,Single,5,Near (≤10 km)
164,Helen,Missen,59,55+,Female,Female,Married,18,Medium (11–25 km)
165,Ursuline,Poynor,55,46–55,Female,Female,Divorced,8,Near (≤10 km)
166,Therese,Wailes,48,46–55,Female,Female,Single,35,Far (26–50 km)
167,Clevey,Burden,29,26–35,Male,Male,Divorced,8,Near (≤10 km)
168,Klara,Schultz,48,46–55,Female,Female,Single,44,Far (26–50 km)
169,Aurlie,Doswell,31,26–35,Female,Female,Divorced,36,Far (26–50 km)
170,Aharon,Prevett,31,26–35,Agender,Non-Binary / Other,Single,27,Far (26–50 km)
171,Had,Melonby,58,55+,Male,Male,Divorced,5,Near (≤10 km)
172,Idalina,Welling,59,55+,Female,Female,Married,22,Medium (11–25 km)
173,Risa,Kember,59,55+,Bigender,Non-Binary / Other,Married,41,Far (26–50 km)
174,Tod,Burndred,28,26–35,Male,Male,Divorced,6,Near (≤10 km)
175,Idalia,Rothchild,28,26–35,Female,Female,Single,24,Medium (11–25 km)
176,Micki,Hatz,58,55+,Female,Female,Single,22,Medium (11–25 km)
177,Garrek,Elgood,28,26–35,Male,Male,Married,50,Far (26–50 km)
178,Kellie,Redhills,40,36–45,Female,Female,Married,18,Medium (11–25 km)
179,Clarie,Petriello,56,55+,Female,Female,Married,10,Near (≤10 km)
180,Filia,Truce,44,36–45,Female,Female,Single,15,Medium (11–25 km)
181,Sander,Jahndel,48,46–55,Genderfluid,Non-Binary / Other,Single,18,Medium (11–25 km)
182,Barney,Dyet,38,36–45,Male,Male,Married,1,Near (≤10 km)
183,Robbin,Augustin,46,46–55,Female,Female,Married,7,Near (≤10 km)
184,Kermie,Barnard,53,46–55,Male,Male,Single,25,Medium (11–25 km)
185,Guy,Doylend,58,55+,Male,Male,Single,15,Medium (11–25 km)
186,Amie,Pawnsford,60,55+,Female,Female,Single,25,Medium (11–25 km)
187,Annabella,Spurrier,52,46–55,Female,Female,Divorced,7,Near (≤10 km)
188,Quill,Whyatt,24,18–25,Male,Male,Married,8,Near (≤10 km)
189,Nappie,Maasze,33,26–35,Male,Male,Married,12,Medium (11–25 km)
190,Luke,Jupe,39,36–45,Bigender,Non-Binary / Other,Single,34,Far (26–50 km)
191,Shaun,Collidge,47,46–55,Male,Male,Single,47,Far (26–50 km)
192,Arleyne,Hatherell,31,26–35,Genderqueer,Non-Binary / Other,Divorced,20,Medium (11–25 km)
193,Milton,Keast,60,55+,Male,Male,Single,38,Far (26–50 km)
194,Gwyneth,Sprionghall,47,46–55,Female,Female,Single,32,Far (26–50 km)
195,Aron,Tattershall,24,18–25,Male,Male,Divorced,7,Near (≤10 km)
196,Shelby,Paxforde,47,46–55,Agender,Non-Binary / Other,Divorced,34,Far (26–50 km)
197,Bryant,Maillard,43,36–45,Male,Male,Married,23,Medium (11–25 km)
198,Bonnee,Ashburner,37,36–45,Female,Female,Married,45,Far (26–50 km)
199,Mercy,de Keep,25,18–25,Female,Female,Divorced,37,Far (26–50 km)
200,Katha,Crommett,52,46–55,Female,Female,Single,19,Medium (11–25 km)
201,Forster,Steuart,39,36–45,Male,Male,Married,36,Far (26–50 km)
202,Trey,Buckthought,45,36–45,Male,Male,Married,18,Medium (11–25 km)
203,Kayley,Manolov,23,18–25,Female,Female,Single,39,Far (26–50 km)
204,Braden,Studders,43,36–45,Genderqueer,Non-Binary / Other,Single,7,Near (≤10 km)
205,Ermin,McCroary,41,36–45,Male,Male,Single,4,Near (≤10 km)
206,Andrej,Aronow,41,36–45,Male,Male,Single,11,Medium (11–25 km)
207,Lindy,Beardsdale,39,36–45,Genderqueer,Non-Binary / Other,Divorced,21,Medium (11–25 km)
208,Mildred,Stiffkins,53,46–55,Female,Female,Divorced,49,Far (26–50 km)
209,Desiree,Yashunin,28,26–35,Female,Female,Single,25,Medium (11–25 km)
210,Candice,Waterhous,36,36–45,Female,Female,Married,12,Medium (11–25 km)
211,Bram,Jeffers,30,26–35,Male,Male,Single,23,Medium (11–25 km)
212,Homer,Madgett,41,36–45,Male,Male,Married,48,Far (26–50 km)
213,Olin,Lissemore,50,46–55,Male,Male,Married,44,Far (26–50 km)
214,Edward,Woods,42,36–45,Male,Male,Divorced,35,Far (26–50 km)
215,Rivi,Hazley,39,36–45,Female,Female,Divorced,36,Far (26–50 km)
216,Goober,Bilbee,48,46–55,Male,Male,Married,39,Far (26–50 km)
217,Worden,Denisovich,60,55+,Male,Male,Married,26,Far (26–50 km)
218,Stephi,Shildrake,27,26–35,Female,Female,Single,31,Far (26–50 km)
219,Terrence,Greenless,34,26–35,Male,Male,Single,38,Far (26–50 km)
220,Wilhelm,Gilbey,50,46–55,Male,Male,Single,9,Near (≤10 km)
221,Caressa,Woolmer,35,26–35,Female,Female,Married,17,Medium (11–25 km)
222,Virginie,Scoates,48,46–55,Female,Female,Single,1,Near (≤10 km)
223,Retha,Drennan,53,46–55,Female,Female,Married,44,Far (26–50 km)
224,Clio,Drynan,55,46–55,Female,Female,Single,33,Far (26–50 km)
225,Taite,Rootham,45,36–45,Male,Male,Married,46,Far (26–50 km)
226,Florian,Stanwix,25,18–25,Male,Male,Divorced,10,Near (≤10 km)
227,Sofie,Crabb,54,46–55,Female,Female,Divorced,43,Far (26–50 km)
228,Daniele,Grimsdike,32,26–35,Female,Female,Married,9,Near (≤10 km)
229,Gradeigh,Foker,26,26–35,Male,Male,Divorced,10,Near (≤10 km)
230,Rois,Mongin,41,36–45,Female,Female,Married,25,Medium (11–25 km)
231,Siegfried,Winley,54,46–55,Agender,Non-Binary / Other,Divorced,37,Far (26–50 km)
232,Hamish,Sabbatier,47,46–55,Male,Male,Divorced,48,Far (26–50 km)
233,Robinet,Chamberlaine,30,26–35,Female,Female,Divorced,18,Medium (11–25 km)
234,Blane,Tullis,55,46–55,Male,Male,Divorced,4,Near (≤10 km)
235,Melicent,Bordis,58,55+,Female,Female,Single,47,Far (26–50 km)
236,Clyde,Force,23,18–25,Male,Male,Single,41,Far (26–50 km)
237,Ulrica,Van Der Vlies,33,26–35,Female,Female,Single,24,Medium (11–25 km)
238,Case,McCurt,34,26–35,Male,Male,Divorced,46,Far (26–50 km)
239,Jaquenette,Jirasek,34,26–35,Female,Female,Divorced,50,Far (26–50 km)
240,Feodora,Winterburn,25,18–25,Female,Female,Divorced,16,Medium (11–25 km)
241,Torrin,Aizic,37,36–45,Genderqueer,Non-Binary / Other,Single,44,Far (26–50 km)
242,Riane,Gunningham,24,18–25,Female,Female,Divorced,39,Far (26–50 km)
243,Shayla,Lammers,51,46–55,Female,Female,Divorced,27,Far (26–50 km)
244,Wylie,Dinneges,25,18–25,Male,Male,Single,46,Far (26–50 km)
245,Harper,Von Oertzen,45,36–45,Male,Male,Single,30,Far (26–50 km)
246,Hurleigh,Mateo,34,26–35,Male,Male,Married,12,Medium (11–25 km)
247,Antons,Ambrozik,39,36–45,Male,Male,Single,29,Far (26–50 km)
248,Doralin,Marchetti,45,36–45,Bigender,Non-Binary / Other,Divorced,23,Medium (11–25 km)
249,Dominique,Seacroft,51,46–55,Male,Male,Divorced,30,Far (26–50 km)
250,Frederick,Tivenan,54,46–55,Male,Male,Married,33,Far (26–50 km)
251,Kerr,Wolfindale,47,46–55,Male,Male,Divorced,19,Medium (11–25 km)
252,Danielle,Dunford,29,26–35,Agender,Non-Binary / Other,Single,18,Medium (11–25 km)
253,Mauricio,Wickey,23,18–25,Agender,Non-Binary / Other,Single,28,Far (26–50 km)
254,Hermie,Ponder,37,36–45,Male,Male,Divorced,34,Far (26–50 km)
255,Filippo,Pear,45,36–45,Male,Male,Married,46,Far (26–50 km)
256,Tanitansy,Wellington,53,46–55,Female,Female,Divorced,15,Medium (11–25 km)
257,Wilhelm,Corpe,60,55+,Male,Male,Divorced,20,Medium (11–25 km)
258,Sorcha,Finlayson,50,46–55,Genderfluid,Non-Binary / Other,Divorced,41,Far (26–50 km)
259,Anthony,Lackeye,33,26–35,Male,Male,Divorced,6,Near (≤10 km)
260,Desdemona,Finlan,52,46–55,Female,Female,Single,20,Medium (11–25 km)
261,Sheryl,Niess,59,55+,Bigender,Non-Binary / Other,Divorced,27,Far (26–50 km)
262,Kelila,Henzley,57,55+,Female,Female,Single,50,Far (26–50 km)
263,Silvio,Broadis,44,36–45,Male,Male,Divorced,21,Medium (11–25 km)
264,Arron,Hazeldene,44,36–45,Male,Male,Single,6,Near (≤10 km)
265,Drud,Bowling,32,26–35,Male,Male,Married,41,Far (26–50 km)
266,Tiffi,Riha,38,36–45,Female,Female,Single,6,Near (≤10 km)
267,Cord,Beggan,27,26–35,Male,Male,Married,5,Near (≤10 km)
268,Millisent,Garralts,40,36–45,Female,Female,Married,47,Far (26–50 km)
269,Charlotta,Ducroe,23,18–25,Female,Female,Divorced,16,Medium (11–25 km)
270,Waldemar,Moncrieffe,46,46–55,Genderqueer,Non-Binary / Other,Single,6,Near (≤10 km)
271,Kermie,Pettegree,25,18–25,Male,Male,Single,11,Medium (11–25 km)
272,Danny,Corrao,32,26–35,Female,Female,Divorced,37,Far (26–50 km)
273,Kristo,Zahor,58,55+,Agender,Non-Binary / Other,Divorced,4,Near (≤10 km)
274,Tanhya,Dyball,35,26–35,Female,Female,Divorced,6,Near (≤10 km)
275,Panchito,Isaq,36,36–45,Male,Male,Married,48,Far (26–50 km)
276,Obed,Osbiston,36,36–45,Male,Male,Divorced,19,Medium (11–25 km)
277,Darryl,Whittaker,35,26–35,Female,Female,Divorced,36,Far (26–50 km)
278,Honey,Blei,39,36–45,Female,Female,Single,32,Far (26–50 km)
279,Warde,Jozsef,48,46–55,Male,Male,Married,1,Near (≤10 km)
280,Davie,O' Liddy,54,46–55,Non-binary,Non-Binary / Other,Married,28,Far (26–50 km)
281,Gifford,Coping,23,18–25,Male,Male,Divorced,44,Far (26–50 km)
282,Doroteya,Rhyme,22,18–25,Female,Female,Divorced,33,Far (26–50 km)
283,Benedikta,Hacard,52,46–55,Female,Female,Single,47,Far (26–50 km)
284,Teena,Brenneke,30,26–35,Polygender,Non-Binary / Other,Divorced,9,Near (≤10 km)
285,Lane,Kneebone,33,26–35,Female,Female,Single,31,Far (26–50 km)
286,Ethelin,Gourley,60,55+,Female,Female,Divorced,32,Far (26–50 km)
287,Shirleen,Stogill,22,18–25,Female,Female,Married,33,Far (26–50 km)
288,Ofelia,Piddlehinton,36,36–45,Female,Female,Married,44,Far (26–50 km)
289,Robby,Loughman,38,36–45,Male,Male,Married,44,Far (26–50 km)
290,Abie,Burdass,60,55+,Male,Male,Divorced,35,Far (26–50 km)
291,Giovanna,Stearn,41,36–45,Female,Female,Divorced,45,Far (26–50 km)
292,Rosy,Speares,39,36–45,Female,Female,Single,8,Near (≤10 km)
293,Phyllis,Tout,49,46–55,Female,Female,Married,26,Far (26–50 km)
294,Minette,Jiroutek,46,46–55,Female,Female,Single,1,Near (≤10 km)
295,Dion,Shawel,44,36–45,Female,Female,Divorced,40,Far (26–50 km)
296,Anna-diane,Ewart,51,46–55,Female,Female,Single,13,Medium (11–25 km)
297,Dorie,Meachan,38,36–45,Male,Male,Divorced,48,Far (26–50 km)
298,Ernaline,MacCheyne,35,26–35,Female,Female,Married,1,Near (≤10 km)
299,Wynny,Atchly,51,46–55,Female,Female,Divorced,46,Far (26–50 km)
300,Farley,Broggelli,41,36–45,Male,Male,Married,28,Far (26–50 km)
301,Jakob,Oxteby,55,46–55,Male,Male,Single,45,Far (26–50 km)
302,Richmound,Dore,47,46–55,Male,Male,Single,35,Far (26–50 km)
303,Gordan,Van der Linde,59,55+,Male,Male,Divorced,48,Far (26–50 km)
304,Burnard,Clarabut,28,26–35,Male,Male,Divorced,23,Medium (11–25 km)
305,Rice,Healings,22,18–25,Male,Male,Single,16,Medium (11–25 km)
306,Liza,Mitchelmore,54,46–55,Polygender,Non-Binary / Other,Married,48,Far (26–50 km)
307,Deloris,Clohissy,45,36–45,Female,Female,Married,43,Far (26–50 km)
308,Melloney,Badam,57,55+,Female,Female,Divorced,34,Far (26–50 km)
309,Garrek,Pashler,60,55+,Male,Male,Married,44,Far (26–50 km)
310,Wadsworth,Duham,60,55+,Genderfluid,Non-Binary / Other,Single,39,Far (26–50 km)
311,Helenelizabeth,Pickersgill,40,36–45,Female,Female,Single,3,Near (≤10 km)
312,Nikki,Innis,41,36–45,Female,Female,Divorced,39,Far (26–50 km)
313,Cherrita,Fancy,28,26–35,Female,Female,Divorced,29,Far (26–50 km)
314,Fianna,Roset,52,46–55,Female,Female,Married,11,Medium (11–25 km)
315,Vanna,Imison,26,26–35,Female,Female,Single,44,Far (26–50 km)
316,Cristionna,Phidgin,43,36–45,Female,Female,Single,49,Far (26–50 km)
317,Jessie,Hayzer,39,36–45,Male,Male,Married,34,Far (26–50 km)
318,Marcelline,Gaitskill,42,36–45,Female,Female,Divorced,15,Medium (11–25 km)
319,Burnard,Andryushchenko,39,36–45,Male,Male,Divorced,12,Medium (11–25 km)
320,Robinet,Brennen,38,36–45,Female,Female,Divorced,5,Near (≤10 km)
321,Kellsie,Robillart,41,36–45,Female,Female,Divorced,24,Medium (11–25 km)
322,Marco,Penny,34,26–35,Male,Male,Divorced,9,Near (≤10 km)
323,Muffin,Domney,31,26–35,Male,Male,Divorced,33,Far (26–50 km)
324,Laureen,McTaggart,55,46–55,Female,Female,Divorced,23,Medium (11–25 km)
325,Clarinda,Minelli,37,36–45,Female,Female,Divorced,4,Near (≤10 km)
326,Chryste,Graveston,25,18–25,Female,Female,Married,28,Far (26–50 km)
327,Terrill,Jollie,60,55+,Male,Male,Single,32,Far (26–50 km)
328,Kylen,Collinge,47,46–55,Female,Female,Single,25,Medium (11–25 km)
329,Cleavland,Thireau,42,36–45,Male,Male,Single,11,Medium (11–25 km)
330,Alley,Peddie,30,26–35,Male,Male,Divorced,24,Medium (11–25 km)
331,Madlin,Minichillo,23,18–25,Female,Female,Divorced,8,Near (≤10 km)
332,Grayce,Gatecliffe,53,46–55,Female,Female,Divorced,22,Medium (11–25 km)
333,Selie,Dunseith,40,36–45,Female,Female,Divorced,44,Far (26–50 km)
334,Lyndell,Rowlson,38,36–45,Female,Female,Married,16,Medium (11–25 km)
335,Antonino,McKeaney,48,46–55,Male,Male,Divorced,35,Far (26–50 km)
336,Petronille,Giffard,47,46–55,Female,Female,Single,50,Far (26–50 km)
337,Tommie,Itscovitz,46,46–55,Female,Female,Divorced,8,Near (≤10 km)
338,Lief,Cathenod,24,18–25,Male,Male,Divorced,19,Medium (11–25 km)
339,Norrie,Kener,59,55+,Male,Male,Married,20,Medium (11–25 km)
340,Horten,Malone,58,55+,Male,Male,Married,31,Far (26–50 km)
341,Neil,Tregust,34,26–35,Male,Male,Single,19,Medium (11–25 km)
342,Maybelle,Geggie,43,36–45,Female,Female,Divorced,17,Medium (11–25 km)
343,Konstanze,Duffil,36,36–45,Female,Female,Divorced,14,Medium (11–25 km)
344,Dallas,Daughton,56,55+,Male,Male,Married,1,Near (≤10 km)
345,Maynard,Gisby,52,46–55,Male,Male,Single,48,Far (26–50 km)
346,Emlen,Nockells,44,36–45,Male,Male,Single,41,Far (26–50 km)
347,Theresina,Kendal,54,46–55,Female,Female,Married,37,Far (26–50 km)
348,Myrwyn,Peschke,41,36–45,Male,Male,Married,26,Far (26–50 km)
349,Maddy,Wager,32,26–35,Male,Male,Divorced,14,Medium (11–25 km)
350,Desi,Hamblen,57,55+,Male,Male,Single,20,Medium (11–25 km)
351,Roxanna,Castanos,33,26–35,Non-binary,Non-Binary / Other,Single,42,Far (26–50 km)
352,Silas,Hourican,40,36–45,Male,Male,Married,33,Far (26–50 km)
353,Leopold,Kenzie,28,26–35,Male,Male,Married,3,Near (≤10 km)
354,Mandi,O'Hanley,52,46–55,Female,Female,Married,30,Far (26–50 km)
355,Tate,Ridolfo,30,26–35,Male,Male,Single,40,Far (26–50 km)
356,Todd,Jennions,38,36–45,Male,Male,Married,32,Far (26–50 km)
357,Lurleen,Reedy,57,55+,Female,Female,Single,4,Near (≤10 km)
358,Cynthy,Benoey,33,26–35,Female,Female,Married,23,Medium (11–25 km)
359,Loren,Aysh,43,36–45,Male,Male,Single,1,Near (≤10 km)
360,Brittne,Teas,27,26–35,Female,Female,Married,40,Far (26–50 km)
361,Ermentrude,Pawson,36,36–45,Female,Female,Single,30,Far (26–50 km)
362,Tiffanie,Strivens,44,36–45,Female,Female,Divorced,22,Medium (11–25 km)
363,Vikki,Denk,36,36–45,Female,Female,Divorced,20,Medium (11–25 km)
364,Luisa,Baynom,41,36–45,Female,Female,Single,23,Medium (11–25 km)
365,Zane,Mickan,48,46–55,Male,Male,Divorced,7,Near (≤10 km)
366,Averil,Mathys,43,36–45,Female,Female,Divorced,1,Near (≤10 km)
367,Cole,Rivlin,45,36–45,Male,Male,Divorced,23,Medium (11–25 km)
368,Caralie,Stoffer,38,36–45,Female,Female,Single,47,Far (26–50 km)
369,Mady,Taborre,59,55+,Female,Female,Single,12,Medium (11–25 km)
370,Jacquelin,Kubik,40,36–45,Female,Female,Divorced,26,Far (26–50 km)
371,Bathsheba,Faughnan,51,46–55,Female,Female,Single,23,Medium (11–25 km)
372,Derron,Goggen,29,26–35,Male,Male,Divorced,1,Near (≤10 km)
373,Thea,Fiddymont,52,46–55,Female,Female,Single,7,Near (≤10 km)
374,Jonah,Trundle,25,18–25,Male,Male,Single,28,Far (26–50 km)
375,Luella,Tomsa,59,55+,Agender,Non-Binary / Other,Divorced,32,Far (26–50 km)
376,Even,Allan,59,55+,Male,Male,Single,13,Medium (11–25 km)
377,Nanny,Doone,26,26–35,Female,Female,Divorced,6,Near (≤10 km)
378,Blane,Abdee,52,46–55,Male,Male,Single,34,Far (26–50 km)
379,Evania,Bottom,34,26–35,Genderfluid,Non-Binary / Other,Married,33,Far (26–50 km)
380,Moira,Buchan,54,46–55,Female,Female,Married,10,Near (≤10 km)
381,Delly,Ive,29,26–35,Female,Female,Divorced,27,Far (26–50 km)
382,Lamont,Keymer,46,46–55,Male,Male,Married,8,Near (≤10 km)
383,Isobel,Gilhespy,55,46–55,Bigender,Non-Binary / Other,Single,32,Far (26–50 km)
384,Nollie,Melburg,41,36–45,Female,Female,Divorced,1,Near (≤10 km)
385,Corella,Isworth,48,46–55,Female,Female,Single,10,Near (≤10 km)
386,Ketti,Krolik,25,18–25,Female,Female,Married,50,Far (26–50 km)
387,Felizio,Besantie,31,26–35,Male,Male,Divorced,43,Far (26–50 km)
388,Yolanthe,Wrench,30,26–35,Female,Female,Divorced,17,Medium (11–25 km)
389,Der,Banfill,34,26–35,Male,Male,Divorced,15,Medium (11–25 km)
390,Dallas,Bakeup,43,36–45,Male,Male,Married,31,Far (26–50 km)
391,Erina,Yandell,48,46–55,Female,Female,Divorced,26,Far (26–50 km)
392,Orrin,Roddick,58,55+,Male,Male,Married,24,Medium (11–25 km)
393,Corbie,Crosskell,51,46–55,Male,Male,Single,20,Medium (11–25 km)
394,Alleyn,Latta,31,26–35,Male,Male,Single,24,Medium (11–25 km)
395,Veda,Benkin,42,36–45,Female,Female,Married,28,Far (26–50 km)
396,Aubrey,Beevens,33,26–35,Male,Male,Divorced,12,Medium (11–25 km)
397,James,Eskriet,27,26–35,Male,Male,Married,35,Far (26–50 km)
398,Lorain,Norkett,53,46–55,Female,Female,Divorced,18,Medium (11–25 km)
399,Livy,Reap,43,36–45,Female,Female,Single,7,Near (≤10 km)
400,Haydon,Lipscombe,33,26–35,Male,Male,Married,29,Far (26–50 km)
401,Morgun,Nayer,42,36–45,Male,Male,Divorced,43,Far (26–50 km)
402,Susanna,Fassmann,25,18–25,Female,Female,Single,29,Far (26–50 km)
403,Khalil,Dewer,22,18–25,Male,Male,Married,11,Medium (11–25 km)
404,Hillel,Woolway,50,46–55,Male,Male,Married,9,Near (≤10 km)
405,Arleta,Bilston,39,36–45,Female,Female,Single,23,Medium (11–25 km)
406,Clarey,New,35,26–35,Female,Female,Divorced,48,Far (26–50 km)
407,Jeanelle,Ledwith,32,26–35,Female,Female,Single,28,Far (26–50 km)
408,Portia,De Laci,58,55+,Female,Female,Married,1,Near (≤10 km)
409,Alphonse,Stollenbeck,32,26–35,Genderqueer,Non-Binary / Other,Divorced,23,Medium (11–25 km)
410,Akim,Dalbey,53,46–55,Male,Male,Married,46,Far (26–50 km)
411,Bonnie,Ancketill,27,26–35,Female,Female,Married,13,Medium (11–25 km)
412,Anna-maria,McMenamin,30,26–35,Female,Female,Single,8,Near (≤10 km)
413,Laurella,Mingus,49,46–55,Female,Female,Single,13,Medium (11–25 km)
414,Rosita,Ffoulkes,49,46–55,Female,Female,Single,19,Medium (11–25 km)
415,Sergeant,Kilbane,47,46–55,Male,Male,Single,3,Near (≤10 km)
416,Bonita,Wyles,49,46–55,Female,Female,Single,9,Near (≤10 km)
417,Sal,Giacomello,52,46–55,Male,Male,Single,26,Far (26–50 km)
418,Vinson,Pitney,46,46–55,Male,Male,Married,27,Far (26–50 km)
419,Idette,Neild,22,18–25,Female,Female,Married,48,Far (26–50 km)
420,Ashia,Kidder,24,18–25,Female,Female,Married,22,Medium (11–25 km)
421,Hilario,Hansill,56,55+,Male,Male,Divorced,3,Near (≤10 km)
422,Harmonie,Robak,34,26–35,Female,Female,Single,11,Medium (11–25 km)
423,Selestina,Cumming,45,36–45,Female,Female,Married,43,Far (26–50 km)
424,Tirrell,Matyja,22,18–25,Male,Male,Single,13,Medium (11–25 km)
425,Fanechka,Baldock,42,36–45,Female,Female,Single,31,Far (26–50 km)
426,Sherwynd,Fasler,55,46–55,Male,Male,Married,43,Far (26–50 km)
427,Fleur,Pipping,34,26–35,Female,Female,Married,18,Medium (11–25 km)
428,Hilary,Siemon,23,18–25,Female,Female,Divorced,8,Near (≤10 km)
429,Sky,Minshaw,22,18–25,Male,Male,Single,27,Far (26–50 km)
430,Eudora,Burgett,37,36–45,Female,Female,Married,32,Far (26–50 km)
431,Ethelred,Olyunin,36,36–45,Male,Male,Married,36,Far (26–50 km)
432,Raimondo,Darte,44,36–45,Male,Male,Divorced,32,Far (26–50 km)
433,Jorrie,Kearton,41,36–45,Female,Female,Single,44,Far (26–50 km)
434,Boycey,Lippitt,30,26–35,Male,Male,Married,46,Far (26–50 km)
435,Caddric,Bullen,28,26–35,Male,Male,Married,9,Near (≤10 km)
436,Livvie,Curle,46,46–55,Female,Female,Single,21,Medium (11–25 km)
437,Berti,Heball,54,46–55,Female,Female,Single,49,Far (26–50 km)
438,Al,Corradi,59,55+,Male,Male,Divorced,49,Far (26–50 km)
439,Hedvige,Gislebert,41,36–45,Genderfluid,Non-Binary / Other,Single,50,Far (26–50 km)
440,Lek,Toffoletto,32,26–35,Bigender,Non-Binary / Other,Divorced,26,Far (26–50 km)
441,Harlin,Romans,26,26–35,Male,Male,Single,33,Far (26–50 km)
442,Shaw,Oleszkiewicz,24,18–25,Male,Male,Single,47,Far (26–50 km)
443,Brantley,McLaverty,41,36–45,Male,Male,Single,48,Far (26–50 km)
444,Jessa,Harwell,40,36–45,Female,Female,Single,25,Medium (11–25 km)
445,Nikolas,Dwerryhouse,51,46–55,Polygender,Non-Binary / Other,Divorced,9,Near (≤10 km)
446,Lori,Antosik,55,46–55,Female,Female,Divorced,8,Near (≤10 km)
447,Noni,Bucknall,60,55+,Female,Female,Married,7,Near (≤10 km)
448,Dayle,Reddy,55,46–55,Female,Female,Married,2,Near (≤10 km)
449,Cammy,Ferrero,43,36–45,Genderfluid,Non-Binary / Other,Divorced,9,Near (≤10 km)
450,Pennie,Baldacchino,49,46–55,Female,Female,Divorced,10,Near (≤10 km)
451,Malcolm,Stigger,30,26–35,Male,Male,Single,23,Medium (11–25 km)
452,Henrik,Oakenfall,43,36–45,Male,Male,Single,33,Far (26–50 km)
453,Miriam,Brodeau,53,46–55,Female,Female,Divorced,1,Near (≤10 km)
454,Reube,Colley,44,36–45,Male,Male,Single,50,Far (26–50 km)
455,Walker,Lecointe,34,26–35,Male,Male,Married,44,Far (26–50 km)
456,Pammy,Tolputt,32,26–35,Genderfluid,Non-Binary / Other,Divorced,16,Medium (11–25 km)
457,Sisely,Beiderbeck,47,46–55,Female,Female,Single,4,Near (≤10 km)
458,Beauregard,Canape,23,18–25,Male,Male,Married,44,Far (26–50 km)
459,Goldia,Lacasa,36,36–45,Female,Female,Divorced,22,Medium (11–25 km)
460,Penni,Sommerled,36,36–45,Female,Female,Divorced,28,Far (26–50 km)
461,Hagan,Borzone,30,26–35,Male,Male,Divorced,39,Far (26–50 km)
462,Farlee,McIlhagga,35,26–35,Polygender,Non-Binary / Other,Single,48,Far (26–50 km)
463,Ignace,Soda,23,18–25,Male,Male,Single,1,Near (≤10 km)
464,Marven,Wombwell,59,55+,Male,Male,Married,28,Far (26–50 km)
465,Pippy,Rankin,54,46–55,Female,Female,Single,31,Far (26–50 km)
466,Kasper,Croft,32,26–35,Male,Male,Single,19,Medium (11–25 km)
467,Derrik,Strangeway,29,26–35,Polygender,Non-Binary / Other,Divorced,19,Medium (11–25 km)
468,Lynna,Jelf,45,36–45,Female,Female,Married,32,Far (26–50 km)
469,Bertine,Mathers,24,18–25,Female,Female,Divorced,6,Near (≤10 km)
470,Willem,Liverseege,46,46–55,Male,Male,Single,49,Far (26–50 km)
471,Alika,Serrier,38,36–45,Female,Female,Divorced,28,Far (26–50 km)
472,Gretna,Valentino,56,55+,Female,Female,Single,16,Medium (11–25 km)
473,Hugo,Conkling,25,18–25,Non-binary,Non-Binary / Other,Divorced,40,Far (26–50 km)
474,Hyman,Clynman,60,55+,Male,Male,Married,10,Near (≤10 km)
475,Dov,Bleasby,25,18–25,Male,Male,Married,47,Far (26–50 km)
476,Beltran,Woodard,28,26–35,Male,Male,Divorced,33,Far (26–50 km)
477,Ebeneser,Manuele,23,18–25,Non-binary,Non-Binary / Other,Married,12,Medium (11–25 km)
478,Eleanore,Deniso,25,18–25,Female,Female,Divorced,16,Medium (11–25 km)
479,Joela,Clac,29,26–35,Female,Female,Divorced,18,Medium (11–25 km)
480,Shanan,Meeke,48,46–55,Male,Male,Divorced,50,Far (26–50 km)
481,Grannie,Bygrove,50,46–55,Male,Male,Single,8,Near (≤10 km)
482,Rudiger,Romer,46,46–55,Male,Male,Divorced,17,Medium (11–25 km)
483,Emlen,Shower,29,26–35,Male,Male,Divorced,45,Far (26–50 km)
484,Aprilette,Sperry,57,55+,Female,Female,Married,16,Medium (11–25 km)
485,Codee,Whitlam,38,36–45,Female,Female,Divorced,43,Far (26–50 km)
486,Roxane,Driscoll,52,46–55,Female,Female,Divorced,28,Far (26–50 km)
487,Brennan,Ashwin,31,26–35,Genderqueer,Non-Binary / Other,Married,13,Medium (11–25 km)
488,Bernie,Boatman,35,26–35,Male,Male,Married,31,Far (26–50 km)
489,Martha,Skocroft,22,18–25,Female,Female,Divorced,46,Far (26–50 km)
490,Nicola,Bostick,41,36–45,Male,Male,Divorced,7,Near (≤10 km)
491,Tudor,Grafton,48,46–55,Male,Male,Divorced,45,Far (26–50 km)
492,Ellyn,Van de Velde,28,26–35,Female,Female,Married,47,Far (26–50 km)
493,Maridel,Philipsson,55,46–55,Female,Female,Divorced,33,Far (26–50 km)
494,Ida,Paynes,39,36–45,Female,Female,Divorced,40,Far (26–50 km)
495,Norton,Gabbotts,60,55+,Male,Male,Married,12,Medium (11–25 km)
496,Sheeree,Clapson,30,26–35,Female,Female,Single,13,Medium (11–25 km)
497,Emalia,McCurt,48,46–55,Female,Female,Divorced,38,Far (26–50 km)
498,Maxwell,McMullen,28,26–35,Male,Male,Married,41,Far (26–50 km)
499,Ashley,Charopen,54,46–55,Male,Male,Married,41,Far (26–50 km)
500,Joane,Coveney,29,26–35,Female,Female,Divorced,10,Near (≤10 km)
501,Bradan,Sharpin,40,36–45,Male,Male,Divorced,15,Medium (11–25 km)
502,Nat,Footer,29,26–35,Genderqueer,Non-Binary / Other,Married,8,Near (≤10 km)
503,Bettina,Culligan,28,26–35,Female,Female,Married,9,Near (≤10 km)
504,Thor,Bolle,53,46–55,Male,Male,Single,26,Far (26–50 km)
505,Adara,Bruntjen,34,26–35,Female,Female,Married,3,Near (≤10 km)
506,Farris,Lachaize,60,55+,Male,Male,Married,18,Medium (11–25 km)
507,Emmye,Roger,34,26–35,Agender,Non-Binary / Other,Divorced,13,Medium (11–25 km)
508,Franklyn,Brownsword,38,36–45,Male,Male,Divorced,10,Near (≤10 km)
509,Sigmund,Bruford,55,46–55,Genderqueer,Non-Binary / Other,Single,28,Far (26–50 km)
510,Brenna,Chirm,34,26–35,Female,Female,Married,2,Near (≤10 km)
511,Margit,Huster,44,36–45,Genderfluid,Non-Binary / Other,Divorced,40,Far (26–50 km)
512,Athene,Collins,48,46–55,Female,Female,Divorced,13,Medium (11–25 km)
513,Emalia,Strettle,40,36–45,Female,Female,Single,6,Near (≤10 km)
514,Mahmud,Bowater,32,26–35,Male,Male,Single,4,Near (≤10 km)
515,Jeromy,Aloigi,24,18–25,Male,Male,Divorced,25,Medium (11–25 km)
516,Joe,Haukey,57,55+,Male,Male,Married,27,Far (26–50 km)
517,Umeko,Churchward,53,46–55,Female,Female,Single,34,Far (26–50 km)
518,Brandice,Madeley,35,26–35,Female,Female,Married,20,Medium (11–25 km)
519,Ivy,Spread,52,46–55,Female,Female,Single,45,Far (26–50 km)
520,Bucky,Jaxon,43,36–45,Male,Male,Single,41,Far (26–50 km)
521,Gretchen,Baston,37,36–45,Female,Female,Married,15,Medium (11–25 km)
522,Bastian,Ratlee,22,18–25,Male,Male,Single,15,Medium (11–25 km)
523,Con,Gearing,22,18–25,Female,Female,Married,22,Medium (11–25 km)
524,Packston,Thaw,27,26–35,Male,Male,Divorced,28,Far (26–50 km)
525,Cosmo,Rapier,29,26–35,Male,Male,Single,31,Far (26–50 km)
526,Nicolis,Skeels,58,55+,Male,Male,Single,4,Near (≤10 km)
527,Dorry,Rosbrough,53,46–55,Female,Female,Single,33,Far (26–50 km)
528,Joete,Lightbourne,31,26–35,Female,Female,Married,28,Far (26–50 km)
529,Sebastian,Fowlds,27,26–35,Male,Male,Married,42,Far (26–50 km)
530,Jordana,Giovannelli,54,46–55,Female,Female,Married,4,Near (≤10 km)
531,Linn,Chyuerton,26,26–35,Male,Male,Divorced,20,Medium (11–25 km)
532,Bennie,Franciottoi,28,26–35,Male,Male,Married,8,Near (≤10 km)
533,Karney,Ormes,38,36–45,Male,Male,Single,18,Medium (11–25 km)
534,Bondie,Carratt,36,36–45,Male,Male,Married,24,Medium (11–25 km)
535,Halli,Brierley,51,46–55,Female,Female,Married,18,Medium (11–25 km)
536,Thorpe,Pabelik,40,36–45,Male,Male,Single,23,Medium (11–25 km)
537,Coralie,Shurmore,38,36–45,Female,Female,Married,46,Far (26–50 km)
538,Pietra,Griffithe,51,46–55,Female,Female,Married,27,Far (26–50 km)
539,Nobe,Billo,25,18–25,Male,Male,Single,16,Medium (11–25 km)
540,Pembroke,Woolmer,28,26–35,Male,Male,Single,21,Medium (11–25 km)
541,Maridel,Greenslade,33,26–35,Female,Female,Divorced,4,Near (≤10 km)
542,Meredith,Louisot,24,18–25,Male,Male,Married,12,Medium (11–25 km)
543,Lem,Horrod,40,36–45,Male,Male,Married,3,Near (≤10 km)
544,Marten,Seavers,45,36–45,Male,Male,Divorced,1,Near (≤10 km)
545,Jennica,Bartoszinski,42,36–45,Female,Female,Single,4,Near (≤10 km)
546,Benetta,Jerdon,49,46–55,Female,Female,Married,43,Far (26–50 km)
547,Domingo,Swindle,29,26–35,Male,Male,Married,48,Far (26–50 km)
548,Windy,Hyam,28,26–35,Female,Female,Divorced,21,Medium (11–25 km)
549,Bondon,Fullun,24,18–25,Male,Male,Married,14,Medium (11–25 km)
550,Glendon,Civitillo,22,18–25,Male,Male,Single,19,Medium (11–25 km)
551,Averil,O'Moylan,30,26–35,Female,Female,Single,31,Far (26–50 km)
552,Lesly,Mansion,32,26–35,Female,Female,Married,18,Medium (11–25 km)
553,Ynes,Fewlass,43,36–45,Female,Female,Single,39,Far (26–50 km)
554,Vite,Wooller,44,36–45,Male,Male,Married,7,Near (≤10 km)
555,Evangelin,Wabb,50,46–55,Genderfluid,Non-Binary / Other,Single,28,Far (26–50 km)
556,Brandy,Boor,39,36–45,Non-binary,Non-Binary / Other,Single,12,Medium (11–25 km)
557,Norris,Gatiss,27,26–35,Male,Male,Single,17,Medium (11–25 km)
558,Muhammad,Eilert,45,36–45,Male,Male,Single,32,Far (26–50 km)
559,Ally,Benedetti,43,36–45,Polygender,Non-Binary / Other,Married,24,Medium (11–25 km)
560,Myra,Bein,33,26–35,Female,Female,Married,22,Medium (11–25 km)
561,Giraldo,Pyrah,29,26–35,Male,Male,Married,20,Medium (11–25 km)
562,Cesya,Cousens,47,46–55,Female,Female,Married,8,Near (≤10 km)
563,Darby,Warbys,47,46–55,Female,Female,Divorced,7,Near (≤10 km)
564,Geoffry,Colecrough,51,46–55,Male,Male,Divorced,43,Far (26–50 km)
565,Dacie,Strafen,39,36–45,Female,Female,Married,1,Near (≤10 km)
566,Melodie,Bevans,46,46–55,Female,Female,Single,44,Far (26–50 km)
567,Kristien,Grundon,52,46–55,Female,Female,Divorced,36,Far (26–50 km)
568,Bendite,Grundle,48,46–55,Female,Female,Divorced,50,Far (26–50 km)
569,Dominic,Ilyinski,32,26–35,Male,Male,Single,9,Near (≤10 km)
570,Friedrich,Liversedge,29,26–35,Male,Male,Married,22,Medium (11–25 km)
571,Ervin,Langfitt,30,26–35,Male,Male,Single,24,Medium (11–25 km)
572,Marybeth,Glide,25,18–25,Female,Female,Married,48,Far (26–50 km)
573,Dehlia,O'Feeny,32,26–35,Female,Female,Single,24,Medium (11–25 km)
574,Evelin,Nurny,28,26–35,Male,Male,Single,48,Far (26–50 km)
575,Glynn,Kaesmakers,48,46–55,Non-binary,Non-Binary / Other,Divorced,50,Far (26–50 km)
576,Wells,Tweedie,59,55+,Male,Male,Single,38,Far (26–50 km)
577,Mehetabel,Nuth,52,46–55,Female,Female,Married,34,Far (26–50 km)
578,Ripley,Dunridge,58,55+,Male,Male,Single,39,Far (26–50 km)
579,Jessamyn,Cote,50,46–55,Female,Female,Married,24,Medium (11–25 km)
580,Tiphani,Hoys,33,26–35,Bigender,Non-Binary / Other,Single,16,Medium (11–25 km)
581,Charis,Laurenson,46,46–55,Female,Female,Divorced,42,Far (26–50 km)
582,Allistir,Dexter,44,36–45,Male,Male,Married,18,Medium (11–25 km)
583,Jerrilee,Lackie,23,18–25,Female,Female,Married,14,Medium (11–25 km)
584,Tadeas,Fumagallo,30,26–35,Male,Male,Single,38,Far (26–50 km)
585,Myrah,Horbart,52,46–55,Female,Female,Divorced,25,Medium (11–25 km)
586,Ken,Fewless,53,46–55,Male,Male,Divorced,6,Near (≤10 km)
587,Daven,Deverell,29,26–35,Male,Male,Divorced,7,Near (≤10 km)
588,Brana,Rosgen,48,46–55,Female,Female,Married,9,Near (≤10 km)
589,Lauree,Gorringe,50,46–55,Bigender,Non-Binary / Other,Married,41,Far (26–50 km)
590,Cam,Philbrook,24,18–25,Male,Male,Divorced,48,Far (26–50 km)
591,Alaster,Tallon,26,26–35,Male,Male,Divorced,39,Far (26–50 km)
592,Jamison,Aven,38,36–45,Male,Male,Married,8,Near (≤10 km)
593,Griffith,Teape,42,36–45,Male,Male,Single,3,Near (≤10 km)
594,Elfrieda,Keggins,22,18–25,Female,Female,Divorced,38,Far (26–50 km)
595,Ford,Bullard,55,46–55,Male,Male,Single,42,Far (26–50 km)
596,Elane,Eldrid,58,55+,Female,Female,Single,13,Medium (11–25 km)
597,Ashil,Fenkel,58,55+,Female,Female,Married,13,Medium (11–25 km)
598,Buddy,Fowkes,36,36–45,Male,Male,Divorced,46,Far (26–50 km)
599,Madelene,Pellington,43,36–45,Female,Female,Divorced,29,Far (26–50 km)
600,Harlin,Facer,55,46–55,Male,Male,Married,7,Near (≤10 km)
601,Rochette,Hadcock,55,46–55,Bigender,Non-Binary / Other,Married,5,Near (≤10 km)
602,Morgen,Pankethman,28,26–35,Male,Male,Single,35,Far (26–50 km)
603,Llewellyn,Merigeau,49,46–55,Male,Male,Divorced,40,Far (26–50 km)
604,Julia,Skermer,37,36–45,Female,Female,Married,22,Medium (11–25 km)
605,Jackie,Giacobo,52,46–55,Male,Male,Married,20,Medium (11–25 km)
606,Robbie,Turmall,44,36–45,Female,Female,Divorced,47,Far (26–50 km)
607,Barbra,Cisar,46,46–55,Female,Female,Single,31,Far (26–50 km)
608,Chlo,Killingsworth,31,26–35,Female,Female,Divorced,49,Far (26–50 km)
609,Irina,Halse,57,55+,Female,Female,Single,13,Medium (11–25 km)
610,Ayn,Bartzen,25,18–25,Female,Female,Married,35,Far (26–50 km)
611,Tera,Hissett,22,18–25,Female,Female,Married,47,Far (26–50 km)
612,Andie,Nelson,32,26–35,Female,Female,Single,10,Near (≤10 km)
613,Kristan,Andretti,54,46–55,Female,Female,Divorced,3,Near (≤10 km)
614,Priscella,Titford,52,46–55,Female,Female,Single,9,Near (≤10 km)
615,Cathy,Edghinn,53,46–55,Female,Female,Divorced,13,Medium (11–25 km)
616,Tallie,Sangra,32,26–35,Male,Male,Married,27,Far (26–50 km)
617,Elenore,de Quesne,26,26–35,Female,Female,Married,36,Far (26–50 km)
618,Kareem,Gammage,53,46–55,Male,Male,Married,46,Far (26–50 km)
619,Sharleen,Gwyther,42,36–45,Female,Female,Single,17,Medium (11–25 km)
620,Merl,Lyst,37,36–45,Agender,Non-Binary / Other,Single,49,Far (26–50 km)
621,Sanford,Narup,43,36–45,Male,Male,Divorced,36,Far (26–50 km)
622,Rad,Rennebach,39,36–45,Male,Male,Single,23,Medium (11–25 km)
623,Lora,Sigfrid,25,18–25,Female,Female,Divorced,24,Medium (11–25 km)
624,Diena,Pavy,54,46–55,Female,Female,Single,29,Far (26–50 km)
625,Mahalia,Dawidman,36,36–45,Female,Female,Single,41,Far (26–50 km)
626,Reina,Dome,57,55+,Female,Female,Divorced,46,Far (26–50 km)
627,Price,Kybbye,46,46–55,Male,Male,Married,8,Near (≤10 km)
628,Elianore,Huortic,47,46–55,Female,Female,Divorced,28,Far (26–50 km)
629,Anne-marie,Derrington,37,36–45,Female,Female,Divorced,5,Near (≤10 km)
630,Hayes,Willis,27,26–35,Male,Male,Single,31,Far (26–50 km)
631,Wini,Mille,51,46–55,Female,Female,Married,27,Far (26–50 km)
632,Lenci,Heyburn,50,46–55,Male,Male,Married,34,Far (26–50 km)
633,Caresse,Chipperfield,58,55+,Female,Female,Divorced,33,Far (26–50 km)
634,Ulric,Metcalf,50,46–55,Male,Male,Divorced,2,Near (≤10 km)
635,Tyson,Hayles,27,26–35,Male,Male,Divorced,11,Medium (11–25 km)
636,Ric,Linch,53,46–55,Male,Male,Married,39,Far (26–50 km)
637,Gaven,Spurret,50,46–55,Male,Male,Single,18,Medium (11–25 km)
638,Hayyim,Rehor,42,36–45,Male,Male,Married,45,Far (26–50 km)
639,Marga,Ransom,29,26–35,Female,Female,Single,9,Near (≤10 km)
640,Constantine,Di Baudi,53,46–55,Non-binary,Non-Binary / Other,Divorced,19,Medium (11–25 km)
641,Linnet,Dollar,23,18–25,Female,Female,Married,3,Near (≤10 km)
642,Lambert,Flear,28,26–35,Male,Male,Married,37,Far (26–50 km)
643,Loella,Timmes,47,46–55,Female,Female,Divorced,4,Near (≤10 km)
644,Jud,Tremoille,48,46–55,Male,Male,Divorced,45,Far (26–50 km)
645,Vannie,Satcher,24,18–25,Female,Female,Single,13,Medium (11–25 km)
646,Agosto,Havile,57,55+,Male,Male,Single,48,Far (26–50 km)
647,Chandler,Jiggen,57,55+,Agender,Non-Binary / Other,Married,26,Far (26–50 km)
648,Claus,Scyner,22,18–25,Male,Male,Divorced,32,Far (26–50 km)
649,Moss,Risebarer,27,26–35,Agender,Non-Binary / Other,Divorced,44,Far (26–50 km)
650,Pietro,Lugden,60,55+,Bigender,Non-Binary / Other,Single,35,Far (26–50 km)
651,Emmalynn,Iggo,41,36–45,Female,Female,Divorced,33,Far (26–50 km)
652,Mallissa,Pettingill,54,46–55,Agender,Non-Binary / Other,Single,5,Near (≤10 km)
653,Alyson,Kopfen,57,55+,Female,Female,Divorced,11,Medium (11–25 km)
654,Berny,Cogar,35,26–35,Bigender,Non-Binary / Other,Single,29,Far (26–50 km)
655,Filippo,Straine,51,46–55,Male,Male,Divorced,49,Far (26–50 km)
656,Tanner,Romaines,43,36–45,Male,Male,Single,33,Far (26–50 km)
657,Johannah,Stoke,45,36–45,Female,Female,Single,25,Medium (11–25 km)
658,Ferdinand,Cholwell,25,18–25,Male,Male,Married,36,Far (26–50 km)
659,Cyril,Krysiak,36,36–45,Male,Male,Divorced,50,Far (26–50 km)
660,Dare,Georgeou,51,46–55,Bigender,Non-Binary / Other,Single,25,Medium (11–25 km)
661,Giacinta,La Croce,43,36–45,Female,Female,Single,26,Far (26–50 km)
662,Yorgo,Christophersen,57,55+,Male,Male,Married,39,Far (26–50 km)
663,Roderick,Idle,60,55+,Male,Male,Single,18,Medium (11–25 km)
664,Allie,Sammons,52,46–55,Female,Female,Divorced,14,Medium (11–25 km)
665,Brad,Clerc,45,36–45,Male,Male,Single,12,Medium (11–25 km)
666,Verney,Friedlos,50,46–55,Male,Male,Married,1,Near (≤10 km)
667,Clayson,Berthon,29,26–35,Male,Male,Divorced,11,Medium (11–25 km)
668,Sherman,Saphir,28,26–35,Non-binary,Non-Binary / Other,Married,37,Far (26–50 km)
669,Sidney,Geekin,36,36–45,Male,Male,Divorced,14,Medium (11–25 km)
670,Debee,Fairpool,22,18–25,Female,Female,Married,38,Far (26–50 km)
671,Rob,Workes,43,36–45,Male,Male,Divorced,45,Far (26–50 km)
672,Aloise,MacComiskey,44,36–45,Female,Female,Single,1,Near (≤10 km)
673,Marie-jeanne,Muckloe,40,36–45,Female,Female,Married,33,Far (26–50 km)
674,Emera,Lamshead,57,55+,Female,Female,Married,30,Far (26–50 km)
675,Marcile,Garcia,55,46–55,Female,Female,Divorced,33,Far (26–50 km)
676,Sarita,Cast,45,36–45,Female,Female,Married,46,Far (26–50 km)
677,Sigfried,Butland,28,26–35,Male,Male,Single,47,Far (26–50 km)
678,Niles,Clemenzo,24,18–25,Genderqueer,Non-Binary / Other,Divorced,34,Far (26–50 km)
679,Ernestine,Hitter,32,26–35,Female,Female,Divorced,17,Medium (11–25 km)
680,Leonhard,Daubeny,53,46–55,Genderfluid,Non-Binary / Other,Divorced,20,Medium (11–25 km)
681,Willamina,Higgonet,30,26–35,Female,Female,Single,15,Medium (11–25 km)
682,Aloysius,Kelshaw,48,46–55,Male,Male,Single,19,Medium (11–25 km)
683,Ben,Scandred,28,26–35,Male,Male,Divorced,46,Far (26–50 km)
684,Estel,Tippett,38,36–45,Female,Female,Married,18,Medium (11–25 km)
685,Putnem,Bowe,34,26–35,Male,Male,Divorced,36,Far (26–50 km)
686,Michel,Cleife,34,26–35,Female,Female,Divorced,8,Near (≤10 km)
687,Cordie,Gyorgy,29,26–35,Male,Male,Married,11,Medium (11–25 km)
688,Timothee,Dudson,47,46–55,Male,Male,Divorced,15,Medium (11–25 km)
689,Ina,Twizell,35,26–35,Female,Female,Married,3,Near (≤10 km)
690,Ashlin,Brodeau,51,46–55,Male,Male,Divorced,35,Far (26–50 km)
691,Eilis,Rack,34,26–35,Agender,Non-Binary / Other,Single,16,Medium (11–25 km)
692,Marrissa,Spires,43,36–45,Female,Female,Divorced,19,Medium (11–25 km)
693,Christopher,Matejka,28,26–35,Male,Male,Married,3,Near (≤10 km)
694,Nonnah,Turfes,48,46–55,Female,Female,Single,41,Far (26–50 km)
695,Prentice,Scally,24,18–25,Male,Male,Single,10,Near (≤10 km)
696,Celeste,Middleweek,59,55+,Female,Female,Divorced,18,Medium (11–25 km)
697,Michel,Furneaux,29,26–35,Male,Male,Single,9,Near (≤10 km)
698,Reiko,Getcliff,50,46–55,Female,Female,Single,18,Medium (11–25 km)
699,Glad,Drogan,51,46–55,Female,Female,Married,4,Near (≤10 km)
700,Gannie,Janssen,59,55+,Male,Male,Divorced,42,Far (26–50 km)
701,Lauren,Foote,54,46–55,Female,Female,Married,16,Medium (11–25 km)
702,Wylie,Worrell,30,26–35,Male,Male,Married,14,Medium (11–25 km)
703,Hercule,Brimblecomb,53,46–55,Male,Male,Single,35,Far (26–50 km)
704,Etienne,Phelipeau,22,18–25,Non-binary,Non-Binary / Other,Single,8,Near (≤10 km)
705,Camila,Salvador,55,46–55,Female,Female,Married,1,Near (≤10 km)
706,Norbert,Bowman,25,18–25,Non-binary,Non-Binary / Other,Single,42,Far (26–50 km)
707,Jemie,Mitchelmore,57,55+,Female,Female,Married,23,Medium (11–25 km)
708,Cletus,Brundale,49,46–55,Male,Male,Married,41,Far (26–50 km)
709,Randi,Barwis,59,55+,Male,Male,Divorced,39,Far (26–50 km)
710,Brande,Jillions,52,46–55,Female,Female,Married,24,Medium (11–25 km)
711,Latrena,Micklewicz,54,46–55,Bigender,Non-Binary / Other,Single,21,Medium (11–25 km)
712,Shell,Paynes,33,26–35,Female,Female,Divorced,6,Near (≤10 km)
713,Silvio,Caldayrou,59,55+,Male,Male,Divorced,46,Far (26–50 km)
714,Marie-ann,Crosskell,33,26–35,Female,Female,Single,36,Far (26–50 km)
715,Percy,Lambal,30,26–35,Male,Male,Married,17,Medium (11–25 km)
716,Genevra,Berzons,28,26–35,Female,Female,Married,47,Far (26–50 km)
717,Chickie,Nann,46,46–55,Female,Female,Divorced,9,Near (≤10 km)
718,Benedict,Balk,60,55+,Male,Male,Divorced,27,Far (26–50 km)
719,Sela,Burdekin,60,55+,Female,Female,Single,40,Far (26–50 km)
720,Franni,Strowthers,42,36–45,Female,Female,Divorced,19,Medium (11–25 km)
721,Dominica,Longbone,54,46–55,Female,Female,Married,21,Medium (11–25 km)
722,Persis,Bampton,46,46–55,Female,Female,Married,4,Near (≤10 km)
723,Reube,Pandie,48,46–55,Male,Male,Single,41,Far (26–50 km)
724,Jillane,Shivlin,60,55+,Female,Female,Single,1,Near (≤10 km)
725,Ronica,Alenikov,37,36–45,Female,Female,Married,23,Medium (11–25 km)
726,Lenee,Wollard,39,36–45,Female,Female,Single,15,Medium (11–25 km)
727,Leeanne,Marousek,47,46–55,Female,Female,Single,47,Far (26–50 km)
728,Merla,MacCafferky,43,36–45,Female,Female,Divorced,18,Medium (11–25 km)
729,Lindsay,Nicolson,40,36–45,Female,Female,Divorced,12,Medium (11–25 km)
730,Abram,Barbrick,50,46–55,Male,Male,Divorced,17,Medium (11–25 km)
731,Genevieve,Rennard,30,26–35,Female,Female,Married,2,Near (≤10 km)
732,Arthur,Droghan,30,26–35,Male,Male,Married,35,Far (26–50 km)
733,Willy,Dwelling,48,46–55,Agender,Non-Binary / Other,Married,43,Far (26–50 km)
734,Tedd,Redwood,60,55+,Male,Male,Divorced,50,Far (26–50 km)
735,Adams,Eborall,54,46–55,Male,Male,Single,50,Far (26–50 km)
736,Jennica,Pellissier,41,36–45,Female,Female,Married,38,Far (26–50 km)
737,Mal,Linsay,57,55+,Male,Male,Single,7,Near (≤10 km)
738,Kerri,Oen,42,36–45,Bigender,Non-Binary / Other,Divorced,47,Far (26–50 km)
739,Ax,Dofty,57,55+,Male,Male,Divorced,48,Far (26–50 km)
740,Gray,Dabinett,35,26–35,Male,Male,Single,45,Far (26–50 km)
741,Zorah,McDougal,34,26–35,Female,Female,Married,25,Medium (11–25 km)
742,Elroy,Simoncello,35,26–35,Male,Male,Divorced,42,Far (26–50 km)
743,Rosemarie,Sherston,40,36–45,Genderfluid,Non-Binary / Other,Married,17,Medium (11–25 km)
744,Marylynne,Boddymead,44,36–45,Female,Female,Divorced,41,Far (26–50 km)
745,Idette,Rowena,30,26–35,Female,Female,Divorced,41,Far (26–50 km)
746,Rickey,Kehir,33,26–35,Genderqueer,Non-Binary / Other,Divorced,39,Far (26–50 km)
747,Shell,Pechell,54,46–55,Male,Male,Divorced,36,Far (26–50 km)
748,Shannen,Pead,56,55+,Female,Female,Divorced,14,Medium (11–25 km)
749,Sybille,Eagell,42,36–45,Female,Female,Divorced,29,Far (26–50 km)
750,Kandace,Pinnington,29,26–35,Female,Female,Divorced,15,Medium (11–25 km)
751,Penny,Hamer,44,36–45,Male,Male,Married,21,Medium (11–25 km)
752,Krista,Plaschke,57,55+,Female,Female,Married,18,Medium (11–25 km)
753,Osborne,Dorie,52,46–55,Male,Male,Divorced,14,Medium (11–25 km)
754,Ronny,Danilishin,59,55+,Male,Male,Married,38,Far (26–50 km)
755,Rhona,Goodredge,58,55+,Non-binary,Non-Binary / Other,Divorced,41,Far (26–50 km)
756,Siward,Zamboniari,48,46–55,Male,Male,Married,49,Far (26–50 km)
757,Mariejeanne,Calcott,56,55+,Female,Female,Married,26,Far (26–50 km)
758,Clea,Dable,40,36–45,Female,Female,Single,10,Near (≤10 km)
759,Faustine,De Dantesie,49,46–55,Female,Female,Divorced,29,Far (26–50 km)
760,Luce,Wapples,22,18–25,Female,Female,Married,15,Medium (11–25 km)
761,Olga,Lingwood,55,46–55,Female,Female,Divorced,47,Far (26–50 km)
762,Rudy,Hefferon,28,26–35,Male,Male,Divorced,47,Far (26–50 km)
763,Aubrey,Benini,23,18–25,Female,Female,Single,28,Far (26–50 km)
764,Bernetta,MacKissack,46,46–55,Female,Female,Married,24,Medium (11–25 km)
765,Marietta,Bavage,31,26–35,Female,Female,Divorced,10,Near (≤10 km)
766,Dorthy,Le Quesne,25,18–25,Female,Female,Married,31,Far (26–50 km)
767,Kellby,Dowthwaite,25,18–25,Male,Male,Divorced,6,Near (≤10 km)
768,Lombard,Dericot,34,26–35,Male,Male,Divorced,32,Far (26–50 km)
769,Morgen,Cheson,39,36–45,Male,Male,Divorced,12,Medium (11–25 km)
770,Tammi,Imison,32,26–35,Female,Female,Divorced,30,Far (26–50 km)
771,Kaitlyn,Jurick,40,36–45,Female,Female,Single,12,Medium (11–25 km)
772,Kari,Marmyon,38,36–45,Female,Female,Divorced,12,Medium (11–25 km)
773,Shurlocke,Scarrott,31,26–35,Male,Male,Divorced,13,Medium (11–25 km)
774,Freemon,Bonsey,25,18–25,Male,Male,Single,37,Far (26–50 km)
775,Candie,Wedgbrow,40,36–45,Female,Female,Married,32,Far (26–50 km)
776,Christy,Begent,35,26–35,Male,Male,Single,47,Far (26–50 km)
777,Sheela,Bome,56,55+,Female,Female,Divorced,12,Medium (11–25 km)
778,Rani,Limrick,24,18–25,Female,Female,Divorced,42,Far (26–50 km)
779,Beaufort,Wickson,44,36–45,Male,Male,Divorced,19,Medium (11–25 km)
780,Judas,Larciere,50,46–55,Male,Male,Married,2,Near (≤10 km)
781,Thomasine,Whiteway,28,26–35,Female,Female,Single,20,Medium (11–25 km)
782,Elianora,Hext,57,55+,Genderqueer,Non-Binary / Other,Single,11,Medium (11–25 km)
783,Zelda,Laister,36,36–45,Female,Female,Single,12,Medium (11–25 km)
784,Glendon,MacVagh,57,55+,Male,Male,Single,26,Far (26–50 km)
785,Kriste,Camelli,46,46–55,Female,Female,Married,44,Far (26–50 km)
786,Ruprecht,Gregore,37,36–45,Male,Male,Divorced,39,Far (26–50 km)
787,Gabrila,Messenger,54,46–55,Female,Female,Divorced,13,Medium (11–25 km)
788,Wylie,Silkstone,40,36–45,Male,Male,Single,5,Near (≤10 km)
789,Nona,Grayham,25,18–25,Female,Female,Single,10,Near (≤10 km)
790,Hercules,O'Lahy,46,46–55,Male,Male,Single,5,Near (≤10 km)
791,Melita,Caughte,46,46–55,Non-binary,Non-Binary / Other,Divorced,28,Far (26–50 km)
792,Errol,Rosiello,48,46–55,Male,Male,Married,16,Medium (11–25 km)
793,Terrel,Champkin,42,36–45,Male,Male,Divorced,30,Far (26–50 km)
794,Gordan,Johananoff,57,55+,Male,Male,Married,42,Far (26–50 km)
795,Anne,Kemer,25,18–25,Female,Female,Married,26,Far (26–50 km)
796,Bess,Carcass,22,18–25,Female,Female,Single,7,Near (≤10 km)
797,De witt,Kording,38,36–45,Male,Male,Single,47,Far (26–50 km)
798,Anabal,Wickwar,34,26–35,Female,Female,Divorced,34,Far (26–50 km)
799,Wini,Feldhammer,50,46–55,Female,Female,Single,9,Near (≤10 km)
800,Jeno,Sheran,36,36–45,Male,Male,Single,47,Far (26–50 km)
801,Sashenka,Watkiss,45,36–45,Bigender,Non-Binary / Other,Married,49,Far (26–50 km)
802,Chrissie,Maffezzoli,59,55+,Male,Male,Single,1,Near (≤10 km)
803,Carine,Wibrow,56,55+,Female,Female,Married,39,Far (26–50 km)
804,Sianna,Monteith,60,55+,Female,Female,Single,7,Near (≤10 km)
805,Cobby,Coverlyn,34,26–35,Male,Male,Married,25,Medium (11–25 km)
806,Regen,Vasiljevic,34,26–35,Male,Male,Divorced,25,Medium (11–25 km)
807,Cody,Macewan,40,36–45,Male,Male,Married,2,Near (≤10 km)
808,Abbott,Moat,50,46–55,Male,Male,Divorced,8,Near (≤10 km)
809,Paola,Garshore,33,26–35,Female,Female,Married,1,Near (≤10 km)
810,Krystle,Foukx,26,26–35,Female,Female,Divorced,49,Far (26–50 km)
811,Hanny,Seedman,33,26–35,Female,Female,Single,42,Far (26–50 km)
812,Kennith,Lamkin,33,26–35,Male,Male,Married,3,Near (≤10 km)
813,Corey,Lawry,54,46–55,Male,Male,Married,9,Near (≤10 km)
814,Hilario,Domenget,29,26–35,Male,Male,Married,16,Medium (11–25 km)
815,Collete,Bertouloume,46,46–55,Female,Female,Married,50,Far (26–50 km)
816,Clio,Deppe,24,18–25,Non-binary,Non-Binary / Other,Single,6,Near (≤10 km)
817,Glynda,Verey,49,46–55,Female,Female,Single,18,Medium (11–25 km)
818,Rudolf,Klimecki,39,36–45,Male,Male,Married,10,Near (≤10 km)
819,Goraud,Rapp,57,55+,Non-binary,Non-Binary / Other,Divorced,41,Far (26–50 km)
820,Alvan,Stallan,38,36–45,Male,Male,Divorced,39,Far (26–50 km)
821,Edithe,Tutchell,30,26–35,Female,Female,Married,1,Near (≤10 km)
822,Debra,Nisard,32,26–35,Female,Female,Married,1,Near (≤10 km)
823,Dorey,Parriss,59,55+,Male,Male,Single,7,Near (≤10 km)
824,Ingaborg,Ede,38,36–45,Female,Female,Single,35,Far (26–50 km)
825,Eduard,Djurevic,22,18–25,Male,Male,Married,48,Far (26–50 km)
826,Yank,O'Corhane,43,36–45,Male,Male,Divorced,22,Medium (11–25 km)
827,Doro,Figg,51,46–55,Female,Female,Divorced,46,Far (26–50 km)
828,Trumaine,Ingram,31,26–35,Male,Male,Single,6,Near (≤10 km)
829,Brittne,Dunphie,24,18–25,Female,Female,Single,13,Medium (11–25 km)
830,Romy,Avrahamoff,31,26–35,Bigender,Non-Binary / Other,Married,9,Near (≤10 km)
831,Leonidas,Thomerson,42,36–45,Male,Male,Married,31,Far (26–50 km)
832,Celinka,Bumphries,60,55+,Female,Female,Single,49,Far (26–50 km)
833,Dickie,O'Fallone,25,18–25,Male,Male,Married,37,Far (26–50 km)
834,Cyndie,Scholefield,41,36–45,Female,Female,Single,29,Far (26–50 km)
835,Nell,Dalglish,53,46–55,Female,Female,Married,11,Medium (11–25 km)
836,Georgine,Gorbell,58,55+,Female,Female,Single,20,Medium (11–25 km)
837,Horacio,Leborgne,57,55+,Male,Male,Divorced,22,Medium (11–25 km)
838,Sayres,Lagneaux,44,36–45,Male,Male,Married,31,Far (26–50 km)
839,Jecho,Seamons,26,26–35,Male,Male,Married,10,Near (≤10 km)
840,Bud,Buckland,42,36–45,Male,Male,Divorced,16,Medium (11–25 km)
841,Heida,Kippin,55,46–55,Female,Female,Divorced,4,Near (≤10 km)
842,Myrtie,Sample,36,36–45,Female,Female,Single,35,Far (26–50 km)
843,Grady,Ladel,33,26–35,Male,Male,Married,45,Far (26–50 km)
844,Rosy,Poyner,55,46–55,Female,Female,Divorced,18,Medium (11–25 km)
845,Reynold,Easby,26,26–35,Male,Male,Single,41,Far (26–50 km)
846,Nicoline,St Quenin,54,46–55,Female,Female,Divorced,35,Far (26–50 km)
847,Augustine,Markie,32,26–35,Female,Female,Married,8,Near (≤10 km)
848,Claudetta,O'Hegertie,48,46–55,Female,Female,Married,2,Near (≤10 km)
849,Amara,Clemerson,56,55+,Female,Female,Married,3,Near (≤10 km)
850,Claudio,Russi,56,55+,Male,Male,Married,7,Near (≤10 km)
851,Henry,Bilbery,47,46–55,Male,Male,Single,35,Far (26–50 km)
852,Laney,Gutierrez,27,26–35,Male,Male,Single,19,Medium (11–25 km)
853,Daron,Maskelyne,44,36–45,Male,Male,Divorced,7,Near (≤10 km)
854,Jessalyn,Eason,36,36–45,Female,Female,Married,33,Far (26–50 km)
855,Halimeda,Blasi,35,26–35,Female,Female,Married,27,Far (26–50 km)
856,Pearce,Potteridge,43,36–45,Male,Male,Married,10,Near (≤10 km)
857,Margaretha,Espadero,43,36–45,Female,Female,Single,1,Near (≤10 km)
858,Skyler,Tock,45,36–45,Male,Male,Married,15,Medium (11–25 km)
859,Salvatore,Silberschatz,40,36–45,Male,Male,Single,2,Near (≤10 km)
860,Tova,Tander,35,26–35,Female,Female,Divorced,15,Medium (11–25 km)
861,Dottie,Gayler,55,46–55,Female,Female,Divorced,28,Far (26–50 km)
862,Mireielle,Elven,52,46–55,Genderqueer,Non-Binary / Other,Single,25,Medium (11–25 km)
863,Teddie,Rosenblad,57,55+,Male,Male,Married,10,Near (≤10 km)
864,Barbette,Howlings,22,18–25,Female,Female,Married,23,Medium (11–25 km)
865,Frank,Wanklyn,29,26–35,Female,Female,Divorced,42,Far (26–50 km)
866,Perla,Jeenes,44,36–45,Female,Female,Married,19,Medium (11–25 km)
867,Bethanne,Rudge,50,46–55,Bigender,Non-Binary / Other,Divorced,15,Medium (11–25 km)
868,Leann,Monk,37,36–45,Female,Female,Married,44,Far (26–50 km)
869,Daniella,Lobb,37,36–45,Female,Female,Single,25,Medium (11–25 km)
870,Zandra,Wildgoose,24,18–25,Female,Female,Single,44,Far (26–50 km)
871,Stern,Rexworthy,42,36–45,Male,Male,Single,46,Far (26–50 km)
872,Linda,Albrecht,46,46–55,Agender,Non-Binary / Other,Married,8,Near (≤10 km)
873,Gertrud,Booij,29,26–35,Female,Female,Divorced,32,Far (26–50 km)
874,Kari,Whoolehan,46,46–55,Bigender,Non-Binary / Other,Single,11,Medium (11–25 km)
875,Hardy,Blundel,38,36–45,Male,Male,Married,8,Near (≤10 km)
876,Brian,Olivas,56,55+,Male,Male,Divorced,15,Medium (11–25 km)
877,Ketty,Pellington,40,36–45,Female,Female,Divorced,7,Near (≤10 km)
878,Reynard,Sworne,23,18–25,Male,Male,Divorced,19,Medium (11–25 km)
879,Zena,Hupe,55,46–55,Female,Female,Married,23,Medium (11–25 km)
880,Melodee,Stoyell,45,36–45,Female,Female,Single,5,Near (≤10 km)
881,Andras,Mewha,54,46–55,Male,Male,Single,40,Far (26–50 km)
882,Kiel,Bruford,54,46–55,Male,Male,Single,22,Medium (11–25 km)
883,Bone,Vann,50,46–55,Male,Male,Single,8,Near (≤10 km)
884,Hoyt,Thowless,53,46–55,Male,Male,Divorced,24,Medium (11–25 km)
885,Monti,Hekkert,24,18–25,Male,Male,Divorced,6,Near (≤10 km)
886,Nada,Readwing,40,36–45,Female,Female,Married,3,Near (≤10 km)
887,Feodora,Pervoe,34,26–35,Female,Female,Single,39,Far (26–50 km)
888,Halsey,McEvoy,42,36–45,Male,Male,Divorced,10,Near (≤10 km)
889,Chiarra,Imorts,54,46–55,Female,Female,Divorced,12,Medium (11–25 km)
890,Francine,Archbell,27,26–35,Female,Female,Married,28,Far (26–50 km)
891,Tracey,Brewitt,28,26–35,Male,Male,Single,34,Far (26–50 km)
892,Ive,Sammons,32,26–35,Male,Male,Divorced,22,Medium (11–25 km)
893,Griffin,Reder,56,55+,Male,Male,Single,39,Far (26–50 km)
894,Marion,Faulconbridge,56,55+,Female,Female,Divorced,12,Medium (11–25 km)
895,Fonzie,Deluze,22,18–25,Male,Male,Married,44,Far (26–50 km)
896,Laurence,Gilluley,26,26–35,Male,Male,Married,28,Far (26–50 km)
897,Gusella,Peasegod,35,26–35,Genderfluid,Non-Binary / Other,Married,10,Near (≤10 km)
898,Aubrey,Ricardot,35,26–35,Male,Male,Married,43,Far (26–50 km)
899,Kelcie,Kingstne,49,46–55,Polygender,Non-Binary / Other,Divorced,44,Far (26–50 km)
900,Darcie,Cohani,28,26–35,Female,Female,Divorced,20,Medium (11–25 km)
901,Elsie,Tabourel,35,26–35,Female,Female,Married,40,Far (26–50 km)
902,Amabelle,Imbrey,56,55+,Female,Female,Divorced,19,Medium (11–25 km)
903,Bryanty,Galletley,49,46–55,Male,Male,Married,23,Medium (11–25 km)
904,Lusa,Peterken,26,26–35,Female,Female,Divorced,7,Near (≤10 km)
905,Deeanne,Putterill,31,26–35,Female,Female,Married,18,Medium (11–25 km)
906,Melinde,Pleasance,23,18–25,Agender,Non-Binary / Other,Divorced,32,Far (26–50 km)
907,Jesse,Mannie,51,46–55,Male,Male,Divorced,43,Far (26–50 km)
908,Olly,Deboo,43,36–45,Female,Female,Single,24,Medium (11–25 km)
909,Gustaf,Taudevin,24,18–25,Male,Male,Single,17,Medium (11–25 km)
910,Corine,Garrique,27,26–35,Female,Female,Single,46,Far (26–50 km)
911,Adolph,Sayre,26,26–35,Male,Male,Single,5,Near (≤10 km)
912,Elliott,Ambage,25,18–25,Male,Male,Divorced,1,Near (≤10 km)
913,Guilbert,Peart,33,26–35,Male,Male,Divorced,10,Near (≤10 km)
914,Jedidiah,Stummeyer,38,36–45,Male,Male,Single,50,Far (26–50 km)
915,Marys,Epgrave,57,55+,Female,Female,Married,42,Far (26–50 km)
916,Cam,Ivoshin,26,26–35,Male,Male,Married,10,Near (≤10 km)
917,Luciana,Bransom,58,55+,Female,Female,Married,21,Medium (11–25 km)
918,Noreen,Humberston,36,36–45,Polygender,Non-Binary / Other,Married,10,Near (≤10 km)
919,Vivyan,Glowinski,38,36–45,Female,Female,Married,25,Medium (11–25 km)
920,Robby,Brabon,48,46–55,Female,Female,Married,29,Far (26–50 km)
921,Fanny,Jeffs,46,46–55,Female,Female,Single,47,Far (26–50 km)
922,Gene,Wildish,50,46–55,Male,Male,Divorced,31,Far (26–50 km)
923,Erika,Mocker,47,46–55,Female,Female,Single,5,Near (≤10 km)
924,Dannie,Benn,49,46–55,Male,Male,Divorced,8,Near (≤10 km)
925,Sandor,Tayler,42,36–45,Non-binary,Non-Binary / Other,Divorced,37,Far (26–50 km)
926,Corney,Rubega,23,18–25,Polygender,Non-Binary / Other,Single,28,Far (26–50 km)
927,Zarla,Fawcus,46,46–55,Female,Female,Single,47,Far (26–50 km)
928,Lana,Wear,29,26–35,Female,Female,Divorced,18,Medium (11–25 km)
929,Othello,Darnbrough,56,55+,Male,Male,Divorced,10,Near (≤10 km)
930,Kelsey,Poor,22,18–25,Female,Female,Married,6,Near (≤10 km)
931,Trumann,Rupprecht,26,26–35,Male,Male,Married,21,Medium (11–25 km)
932,Remington,Ugolini,59,55+,Male,Male,Single,9,Near (≤10 km)
933,Esdras,Blankenship,24,18–25,Male,Male,Single,12,Medium (11–25 km)
934,Jefferson,Dufton,26,26–35,Male,Male,Divorced,50,Far (26–50 km)
935,Sol,Rehorek,44,36–45,Male,Male,Single,25,Medium (11–25 km)
936,Augy,Dillway,54,46–55,Male,Male,Single,23,Medium (11–25 km)
937,Gabby,Pawlicki,28,26–35,Male,Male,Single,21,Medium (11–25 km)
938,Far,Pods,40,36–45,Male,Male,Married,32,Far (26–50 km)
939,Tersina,Duxbury,41,36–45,Polygender,Non-Binary / Other,Divorced,28,Far (26–50 km)
940,Rene,Klimov,60,55+,Female,Female,Divorced,31,Far (26–50 km)
941,Way,Pickworth,27,26–35,Male,Male,Divorced,45,Far (26–50 km)
942,Ann-marie,Hassall,40,36–45,Female,Female,Divorced,27,Far (26–50 km)
943,Ardyth,Jimenez,50,46–55,Female,Female,Married,39,Far (26–50 km)
944,Kati,Grubb,46,46–55,Female,Female,Married,41,Far (26–50 km)
945,Bev,Thonason,47,46–55,Female,Female,Married,22,Medium (11–25 km)
946,Valentina,Hedderly,23,18–25,Female,Female,Divorced,9,Near (≤10 km)
947,Lucho,Cuppitt,52,46–55,Male,Male,Divorced,42,Far (26–50 km)
948,Lita,Sparsholt,32,26–35,Female,Female,Married,16,Medium (11–25 km)
949,Caryl,Brickham,56,55+,Female,Female,Single,25,Medium (11–25 km)
950,Griffith,Allabarton,36,36–45,Male,Male,Single,27,Far (26–50 km)
951,Oswell,Rosenzwig,30,26–35,Male,Male,Married,36,Far (26–50 km)
952,Charlene,Tremontana,47,46–55,Female,Female,Married,32,Far (26–50 km)
953,Kelly,Greschik,56,55+,Male,Male,Divorced,35,Far (26–50 km)
954,Thomasine,Heild,40,36–45,Female,Female,Married,35,Far (26–50 km)
955,Allin,Auld,31,26–35,Male,Male,Married,32,Far (26–50 km)
956,Beatrix,Chuck,41,36–45,Non-binary,Non-Binary / Other,Single,35,Far (26–50 km)
957,Simeon,Keenlayside,45,36–45,Male,Male,Married,35,Far (26–50 km)
958,Willey,Mapham,22,18–25,Male,Male,Divorced,15,Medium (11–25 km)
959,Dorotea,O'Dunniom,57,55+,Female,Female,Single,25,Medium (11–25 km)
960,Maurie,McKee,57,55+,Male,Male,Divorced,6,Near (≤10 km)
961,Timmy,Blankett,31,26–35,Male,Male,Divorced,38,Far (26–50 km)
962,Lorena,Gamlen,29,26–35,Female,Female,Single,46,Far (26–50 km)
963,Alexandrina,Slatford,24,18–25,Female,Female,Divorced,27,Far (26–50 km)
964,Haydon,Espina,22,18–25,Male,Male,Divorced,34,Far (26–50 km)
965,Farica,Lehrer,58,55+,Female,Female,Single,37,Far (26–50 km)
966,Odo,Iannazzi,60,55+,Male,Male,Divorced,50,Far (26–50 km)
967,Mercie,Glander,47,46–55,Non-binary,Non-Binary / Other,Divorced,45,Far (26–50 km)
968,Faustine,Finker,56,55+,Female,Female,Single,48,Far (26–50 km)
969,Mahmud,Leynagh,57,55+,Male,Male,Divorced,15,Medium (11–25 km)
970,Emilio,Tomich,27,26–35,Male,Male,Single,45,Far (26–50 km)
971,Rhea,Baughen,41,36–45,Female,Female,Single,6,Near (≤10 km)
972,Ailsun,Shutle,35,26–35,Female,Female,Single,16,Medium (11–25 km)
973,Eugenio,Freegard,44,36–45,Male,Male,Married,24,Medium (11–25 km)
974,Margy,Sturte,35,26–35,Female,Female,Married,1,Near (≤10 km)
975,Georgi,Ropert,48,46–55,Male,Male,Single,14,Medium (11–25 km)
976,Roland,Riquet,54,46–55,Male,Male,Married,2,Near (≤10 km)
977,Immanuel,Hance,31,26–35,Male,Male,Single,24,Medium (11–25 km)
978,Duane,Boothby,32,26–35,Male,Male,Married,36,Far (26–50 km)
979,Teresita,Grevatt,33,26–35,Female,Female,Married,31,Far (26–50 km)
980,Abraham,Caustic,36,36–45,Male,Male,Divorced,9,Near (≤10 km)
981,Demeter,Slafford,38,36–45,Female,Female,Married,8,Near (≤10 km)
982,Chan,Mirfield,34,26–35,Male,Male,Divorced,4,Near (≤10 km)
983,Flossie,Hankard,29,26–35,Female,Female,Married,23,Medium (11–25 km)
984,Burg,Sparshott,33,26–35,Male,Male,Single,24,Medium (11–25 km)
985,Donavon,Fidoe,58,55+,Male,Male,Divorced,50,Far (26–50 km)
986,Kacie,Halfhead,25,18–25,Female,Female,Married,9,Near (≤10 km)
987,Dale,Dooland,57,55+,Polygender,Non-Binary / Other,Married,19,Medium (11–25 km)
988,Heinrick,Penhaleurack,51,46–55,Male,Male,Single,30,Far (26–50 km)
989,Cindi,Simko,57,55+,Female,Female,Divorced,10,Near (≤10 km)
990,Bendite,Breslane,26,26–35,Female,Female,Single,36,Far (26–50 km)
991,Nelson,Dreghorn,40,36–45,Male,Male,Divorced,27,Far (26–50 km)
992,Aube,Ivons,26,26–35,Male,Male,Single,16,Medium (11–25 km)
993,Lissie,Purse,38,36–45,Female,Female,Married,14,Medium (11–25 km)
994,Raffarty,Athelstan,28,26–35,Male,Male,Single,15,Medium (11–25 km)
995,Debbie,Blackborough,34,26–35,Female,Female,Married,4,Near (≤10 km)
996,Wain,Lyffe,59,55+,Male,Male,Married,48,Far (26–50 km)
997,Agustin,Pile,53,46–55,Male,Male,Single,9,Near (≤10 km)
998,Curtis,Maxfield,43,36–45,Genderfluid,Non-Binary / Other,Married,8,Near (≤10 km)
999,Hamilton,Aimable,44,36–45,Male,Male,Married,45,Far (26–50 km)
1000,Frederico,Tokley,30,26–35,Male,Male,Single,46,Far (26–50 km)
